Dataset,MSE,MAE,RMSE,Model
0,15202514.0,620.17816,3899.04,Dummy
0,127763.625,229.68562,357.44037,GRU
0,557524.9,565.5425,746.6759,Transformer
