Dataset,MSE,MAE,RMSE,Model
0,207119.94336516917,305.0141826724137,455.10432140902503,ARIMA
0,1.2174114501969898e-19,2.2248807833117702e-10,3.4891423734164097e-10,VAR
