Dataset,MSE,MAE,RMSE,Model
0,15202514.0,620.1781616210938,3899.0400390625,Dummy
0,10832.2197265625,16.60413360595703,104.07794952392578,Ridge
0,4.8842093025672675,0.3879004829070822,2.210024728949264,GradientBoostingRegressor
0,10432634.659457335,216.0872275904377,3229.9589253514255,SVR
